<?xml version="1.0" encoding="UTF-8"?>
<beans xmlns="http://www.springframework.org/schema/beans"
    xmlns:p="http://www.springframework.org/schema/p" xmlns:tx="http://www.springframework.org/schema/tx"
    xmlns:context="http://www.springframework.org/schema/context"
    xmlns:xsi="http://www.w3.org/2001/XMLSchema-instance"
    xmlns:task="http://www.springframework.org/schema/task"
    xsi:schemaLocation="http://www.springframework.org/schema/beans
http://www.springframework.org/schema/beans/spring-beans-3.0.xsd
http://www.springframework.org/schema/tx
http://www.springframework.org/schema/tx/spring-tx-3.0.xsd
http://www.springframework.org/schema/context
http://www.springframework.org/schema/context/spring-context-3.0.xsd
http://www.springframework.org/schema/task
http://www.springframework.org/schema/task/spring-task-3.0.xsd">

	<context:component-scan base-package="com.poc.auditor.audit.processor.monitor"/>
	<context:annotation-config />
	<context:spring-configured />
	<tx:annotation-driven />
	<task:annotation-driven/>

	<bean class="org.dozer.DozerBeanMapper" />
	
	<bean id="dataSource" class="org.springframework.jdbc.datasource.DriverManagerDataSource">
      <property name="driverClassName" value="com.mysql.jdbc.Driver" />
      <property name="url" value="jdbc:mysql://localhost:3306/auditdb" />
      <property name="username" value="root" />
      <property name="password" value="root" />
   	</bean>
   	
    <bean id="entityManagerFactoryBean" class="org.springframework.orm.jpa.LocalContainerEntityManagerFactoryBean">
      <property name="dataSource" ref="dataSource" />
      <!-- This makes /META-INF/persistence.xml is no longer necessary -->
      <property name="packagesToScan" value="com.poc.auditor.audit.processor.monitor.dao" />
      <!-- JpaVendorAdapter implementation for Hibernate EntityManager.
           Exposes Hibernate's persistence provider and EntityManager extension interface -->
      <property name="jpaVendorAdapter">
         <bean class="org.springframework.orm.jpa.vendor.HibernateJpaVendorAdapter" />
      </property>
      <property name="jpaProperties">
         <props>
         	<prop key="show_sql">true</prop>
         	<prop key="format_sql">true</prop>
         	<prop key="use_sql_comments">true</prop>
            <prop key="hibernate.hbm2ddl.auto">validate</prop>
            <prop key="hibernate.dialect">org.hibernate.dialect.MySQL5Dialect</prop>
         </props>
      </property>
   </bean>
 
    <bean class="org.springframework.orm.jpa.JpaTransactionManager"
        id="transactionManager">
        <property name="entityManagerFactory" ref="entityManagerFactoryBean" />
    </bean>
 
   	<bean id="monitorTransactionPreCheck" class="com.poc.auditor.audit.processor.monitor.task.service.impl.MonitorTransactionTaskServiceImpl"></bean>
 
</beans>