<?xml version="1.0" encoding="UTF-8" standalone="yes"?>
<ErrorSearchVO>
	<AuditServiceVOs>
		<serviceName>PIP</serviceName>
		<transactionVOs>
			<transactionName>RECEIPT_TRANSACTION</transactionName>
		</transactionVOs>
		<transactionVOs>
			<transactionName>ITEM_IMPORT</transactionName>
		</transactionVOs>
	</AuditServiceVOs>
	<!-- <FromDate>2016-10-28T05:55:00.821+02:00</FromDate> 
	<ToDate>2016-10-28T08:05:23.821+02:00</ToDate> -->
	<FromDate>2016-11-02T10:24:34</FromDate>
	<ToDate>2016-11-02T10:55:00</ToDate>
</ErrorSearchVO>
