<?xml version="1.0" encoding="UTF-8"?>
<beans xmlns="http://www.springframework.org/schema/beans"
		xmlns:xsi="http://www.w3.org/2001/XMLSchema-instance"
     	xmlns:cxf="http://cxf.apache.org/core"
		xmlns:jaxws="http://cxf.apache.org/jaxws"
		xmlns:jaxrs="http://cxf.apache.org/jaxrs"
		xsi:schemaLocation="
			http://cxf.apache.org/core http://cxf.apache.org/schemas/core.xsd
			http://www.springframework.org/schema/beans 
			http://www.springframework.org/schema/beans/spring-beans.xsd
			http://cxf.apache.org/jaxrs http://cxf.apache.org/schemas/jaxrs.xsd
			http://cxf.apache.org/jaxws http://cxf.apache.org/schemas/jaxws.xsd">

	<import resource="classpath:META-INF/cxf/cxf.xml"/>
	<import resource="classpath:META-INF/cxf/cxf-servlet.xml"/>

    <cxf:bus>
        <cxf:features>
            <cxf:logging/>
        </cxf:features>
    </cxf:bus>

	<bean id="errorManagerService" class="com.poc.auditor.error.manager.service.impl.ErrorManagerServiceImpl">
	</bean>

	<bean id="jsonProvider" 
		class="org.codehaus.jackson.jaxrs.JacksonJsonProvider"/>
	
  	<jaxrs:server id="errorManagerREST" address="/">
  		<jaxrs:serviceBeans>
  			<ref bean="errorManagerService"/>
  		</jaxrs:serviceBeans>
  		<jaxrs:providers>
			<ref bean='jsonProvider' />
		</jaxrs:providers>
  	</jaxrs:server>
</beans>
