<?xml version="1.0" encoding="UTF-8" standalone="yes"?>
<ErrorSearchVO>
    <AuditServiceVOs>
        <serviceName>BOOKING</serviceName>
        <transactionVOs>
            <auditStatus>false</auditStatus>
            <transactionName>RECEIPT_TRANSACTION</transactionName>
        </transactionVOs>
        <transactionVOs>
            <auditStatus>false</auditStatus>
            <transactionName>ITEM_IMPORT</transactionName>
        </transactionVOs>
    </AuditServiceVOs>
    <FromDate>2018-01-17T16:54:00.206+05:30</FromDate>
    <ToDate>2018-01-17T19:04:44.206+05:30</ToDate>
</ErrorSearchVO>
